{
  "mla_constituencies": [
    {"id": 1, "name": "Ichchapuram", "district": "Srikakulam"},
    {"id": 2, "name": "Palasa", "district": "Srikakulam"},
    {"id": 3, "name": "Tekkali", "district": "Srikakulam"},
    {"id": 4, "name": "Pathapatnam", "district": "Srikakulam"},
    {"id": 5, "name": "Srikakulam", "district": "Srikakulam"},
    {"id": 6, "name": "Amadalavalasa", "district": "Srikakulam"},
    {"id": 7, "name": "Etcherla", "district": "Srikakulam"},
    {"id": 8, "name": "Narasannapeta", "district": "Srikakulam"},
    {"id": 9, "name": "Rajam", "district": "Srikakulam"},
    {"id": 10, "name": "Palakonda", "district": "Srikakulam"},
    {"id": 11, "name": "Kurupam", "district": "Vizianagaram"},
    {"id": 12, "name": "Parvathipuram", "district": "Vizianagaram"},
    {"id": 13, "name": "Salur", "district": "Vizianagaram"},
    {"id": 14, "name": "Bobbili", "district": "Vizianagaram"},
    {"id": 15, "name": "Cheepurupalli", "district": "Vizianagaram"},
    {"id": 16, "name": "Gajapathinagaram", "district": "Vizianagaram"},
    {"id": 17, "name": "Nellimarla", "district": "Vizianagaram"},
    {"id": 18, "name": "Vizianagaram", "district": "Vizianagaram"},
    {"id": 19, "name": "Srungavarapukota", "district": "Vizianagaram"},
    {"id": 20, "name": "Bhimili", "district": "Visakhapatnam"},
    {"id": 21, "name": "Visakhapatnam East", "district": "Visakhapatnam"},
    {"id": 22, "name": "Visakhapatnam South", "district": "Visakhapatnam"},
    {"id": 23, "name": "Visakhapatnam North", "district": "Visakhapatnam"},
    {"id": 24, "name": "Visakhapatnam West", "district": "Visakhapatnam"},
    {"id": 25, "name": "Gajuwaka", "district": "Visakhapatnam"},
    {"id": 26, "name": "Chodavaram", "district": "Visakhapatnam"},
    {"id": 27, "name": "Madugula", "district": "Visakhapatnam"},
    {"id": 28, "name": "Araku Valley", "district": "Visakhapatnam"},
    {"id": 29, "name": "Paderu", "district": "Visakhapatnam"},
    {"id": 30, "name": "Anakapalli", "district": "Visakhapatnam"},
    {"id": 31, "name": "Pendurthi", "district": "Visakhapatnam"},
    {"id": 32, "name": "Yelamanchili", "district": "Visakhapatnam"},
    {"id": 33, "name": "Payakaraopeta", "district": "Visakhapatnam"},
    {"id": 34, "name": "Tuni", "district": "East Godavari"},
    {"id": 35, "name": "Prathipadu", "district": "East Godavari"},
    {"id": 36, "name": "Pithapuram", "district": "East Godavari"},
    {"id": 37, "name": "Kakinada Rural", "district": "East Godavari"},
    {"id": 38, "name": "Peddapuram", "district": "East Godavari"},
    {"id": 39, "name": "Kakinada City", "district": "East Godavari"},
    {"id": 40, "name": "Jaggampeta", "district": "East Godavari"},
    {"id": 41, "name": "Rampachodavaram", "district": "East Godavari"},
    {"id": 42, "name": "Mummidivaram", "district": "East Godavari"},
    {"id": 43, "name": "Amalapuram", "district": "East Godavari"},
    {"id": 44, "name": "Razole", "district": "East Godavari"},
    {"id": 45, "name": "Gannavaram", "district": "East Godavari"},
    {"id": 46, "name": "Kothapeta", "district": "East Godavari"},
    {"id": 47, "name": "Mandapeta", "district": "East Godavari"},
    {"id": 48, "name": "Rajanagaram", "district": "East Godavari"},
    {"id": 49, "name": "Rajahmundry City", "district": "East Godavari"},
    {"id": 50, "name": "Rajahmundry Rural", "district": "East Godavari"},
    {"id": 51, "name": "Kovvur", "district": "West Godavari"},
    {"id": 52, "name": "Nidadavole", "district": "West Godavari"},
    {"id": 53, "name": "Achanta", "district": "West Godavari"},
    {"id": 54, "name": "Palakollu", "district": "West Godavari"},
    {"id": 55, "name": "Narasapuram", "district": "West Godavari"},
    {"id": 56, "name": "Bhimavaram", "district": "West Godavari"},
    {"id": 57, "name": "Undi", "district": "West Godavari"},
    {"id": 58, "name": "Tanuku", "district": "West Godavari"},
    {"id": 59, "name": "Tadepalligudem", "district": "West Godavari"},
    {"id": 60, "name": "Unguturu", "district": "West Godavari"},
    {"id": 61, "name": "Denduluru", "district": "West Godavari"},
    {"id": 62, "name": "Eluru", "district": "West Godavari"},
    {"id": 63, "name": "Gopalapuram", "district": "West Godavari"},
    {"id": 64, "name": "Polavaram", "district": "West Godavari"},
    {"id": 65, "name": "Chintalapudi", "district": "West Godavari"},
    {"id": 66, "name": "Nuzvid", "district": "Krishna"},
    {"id": 67, "name": "Gannavaram", "district": "Krishna"},
    {"id": 68, "name": "Gudivada", "district": "Krishna"},
    {"id": 69, "name": "Kaikalur", "district": "Krishna"},
    {"id": 70, "name": "Pedana", "district": "Krishna"},
    {"id": 71, "name": "Machilipatnam", "district": "Krishna"},
    {"id": 72, "name": "Avanigadda", "district": "Krishna"},
    {"id": 73, "name": "Pamarru", "district": "Krishna"},
    {"id": 74, "name": "Penamaluru", "district": "Krishna"},
    {"id": 75, "name": "Vijayawada West", "district": "Krishna"},
    {"id": 76, "name": "Vijayawada Central", "district": "Krishna"},
    {"id": 77, "name": "Vijayawada East", "district": "Krishna"},
    {"id": 78, "name": "Mylavaram", "district": "Krishna"},
    {"id": 79, "name": "Nandigama", "district": "Krishna"},
    {"id": 80, "name": "Jaggayyapeta", "district": "Krishna"},
    {"id": 81, "name": "Tiruvuru", "district": "Krishna"},
    {"id": 82, "name": "Ponnur", "district": "Guntur"},
    {"id": 83, "name": "Vemuru", "district": "Guntur"},
    {"id": 84, "name": "Repalle", "district": "Guntur"},
    {"id": 85, "name": "Tenali", "district": "Guntur"},
    {"id": 86, "name": "Bapatla", "district": "Guntur"},
    {"id": 87, "name": "Prathipadu", "district": "Guntur"},
    {"id": 88, "name": "Guntur West", "district": "Guntur"},
    {"id": 89, "name": "Guntur East", "district": "Guntur"},
    {"id": 90, "name": "Tadikonda", "district": "Guntur"},
    {"id": 91, "name": "Mangalagiri", "district": "Guntur"},
    {"id": 92, "name": "Peddakurapadu", "district": "Guntur"},
    {"id": 93, "name": "Chilakaluripet", "district": "Guntur"},
    {"id": 94, "name": "Narasaraopet", "district": "Guntur"},
    {"id": 95, "name": "Sattenapalle", "district": "Guntur"},
    {"id": 96, "name": "Vinukonda", "district": "Guntur"},
    {"id": 97, "name": "Gurajala", "district": "Guntur"},
    {"id": 98, "name": "Macherla", "district": "Guntur"},
    {"id": 99, "name": "Yerragondapalem", "district": "Prakasam"},
    {"id": 100, "name": "Darsi", "district": "Prakasam"},
    {"id": 101, "name": "Addanki", "district": "Prakasam"},
    {"id": 102, "name": "Chirala", "district": "Prakasam"},
    {"id": 103, "name": "Santhanuthalapadu", "district": "Prakasam"},
    {"id": 104, "name": "Ongole", "district": "Prakasam"},
    {"id": 105, "name": "Kandukur", "district": "Prakasam"},
    {"id": 106, "name": "Kondapi", "district": "Prakasam"},
    {"id": 107, "name": "Markapuram", "district": "Prakasam"},
    {"id": 108, "name": "Giddalur", "district": "Prakasam"},
    {"id": 109, "name": "Kanigiri", "district": "Prakasam"},
    {"id": 110, "name": "Kavali", "district": "Nellore"},
    {"id": 111, "name": "Atmakur", "district": "Nellore"},
    {"id": 112, "name": "Kovur", "district": "Nellore"},
    {"id": 113, "name": "Nellore City", "district": "Nellore"},
    {"id": 114, "name": "Nellore Rural", "district": "Nellore"},
    {"id": 115, "name": "Sarvepalli", "district": "Nellore"},
    {"id": 116, "name": "Gudur", "district": "Nellore"},
    {"id": 117, "name": "Sullurpeta", "district": "Nellore"},
    {"id": 118, "name": "Venkatagiri", "district": "Nellore"},
    {"id": 119, "name": "Udayagiri", "district": "Nellore"},
    {"id": 120, "name": "Badvel", "district": "Kadapa"},
    {"id": 121, "name": "Rajampet", "district": "Kadapa"},
    {"id": 122, "name": "Kadapa", "district": "Kadapa"},
    {"id": 123, "name": "Kodur", "district": "Kadapa"},
    {"id": 124, "name": "Rayachoti", "district": "Kadapa"},
    {"id": 125, "name": "Pulivendla", "district": "Kadapa"},
    {"id": 126, "name": "Kamalapuram", "district": "Kadapa"},
    {"id": 127, "name": "Jammalamadugu", "district": "Kadapa"},
    {"id": 128, "name": "Proddatur", "district": "Kadapa"},
    {"id": 129, "name": "Mydukur", "district": "Kadapa"},
    {"id": 130, "name": "Allagadda", "district": "Kurnool"},
    {"id": 131, "name": "Srisailam", "district": "Kurnool"},
    {"id": 132, "name": "Nandikotkur", "district": "Kurnool"},
    {"id": 133, "name": "Kurnool", "district": "Kurnool"},
    {"id": 134, "name": "Panyam", "district": "Kurnool"},
    {"id": 135, "name": "Nandyal", "district": "Kurnool"},
    {"id": 136, "name": "Banaganapalle", "district": "Kurnool"},
    {"id": 137, "name": "Dhone", "district": "Kurnool"},
    {"id": 138, "name": "Pattikonda", "district": "Kurnool"},
    {"id": 139, "name": "Kodumur", "district": "Kurnool"},
    {"id": 140, "name": "Yemmiganur", "district": "Kurnool"},
    {"id": 141, "name": "Mantralayam", "district": "Kurnool"},
    {"id": 142, "name": "Adoni", "district": "Kurnool"},
    {"id": 143, "name": "Alur", "district": "Kurnool"},
    {"id": 144, "name": "Rayadurg", "district": "Anantapur"},
    {"id": 145, "name": "Uravakonda", "district": "Anantapur"},
    {"id": 146, "name": "Guntakal", "district": "Anantapur"},
    {"id": 147, "name": "Tadipatri", "district": "Anantapur"},
    {"id": 148, "name": "Singanamala", "district": "Anantapur"},
    {"id": 149, "name": "Anantapur Urban", "district": "Anantapur"},
    {"id": 150, "name": "Kalyandurg", "district": "Anantapur"},
    {"id": 151, "name": "Raptadu", "district": "Anantapur"},
    {"id": 152, "name": "Madakasira", "district": "Anantapur"},
    {"id": 153, "name": "Hindupur", "district": "Anantapur"},
    {"id": 154, "name": "Penukonda", "district": "Anantapur"},
    {"id": 155, "name": "Puttaparthi", "district": "Anantapur"},
    {"id": 156, "name": "Dharmavaram", "district": "Anantapur"},
    {"id": 157, "name": "Kadiri", "district": "Anantapur"},
    {"id": 158, "name": "Thamballapalle", "district": "Chittoor"},
    {"id": 159, "name": "Pileru", "district": "Chittoor"},
    {"id": 160, "name": "Madanapalle", "district": "Chittoor"},
    {"id": 161, "name": "Punganur", "district": "Chittoor"},
    {"id": 162, "name": "Chandragiri", "district": "Chittoor"},
    {"id": 163, "name": "Tirupati", "district": "Chittoor"},
    {"id": 164, "name": "Srikalahasti", "district": "Chittoor"},
    {"id": 165, "name": "Sathyavedu", "district": "Chittoor"},
    {"id": 166, "name": "Nagari", "district": "Chittoor"},
    {"id": 167, "name": "Gangadhara Nellore", "district": "Chittoor"},
    {"id": 168, "name": "Chittoor", "district": "Chittoor"},
    {"id": 169, "name": "Puthalapattu", "district": "Chittoor"},
    {"id": 170, "name": "Palamaner", "district": "Chittoor"},
    {"id": 171, "name": "Kuppam", "district": "Chittoor"},
    {"id": 172, "name": "Piler", "district": "Chittoor"},
    {"id": 173, "name": "Punganuru", "district": "Chittoor"},
    {"id": 174, "name": "Rajampet", "district": "Chittoor"},
    {"id": 175, "name": "Vayalpad", "district": "Chittoor"}
  ],
  "mp_constituencies": [
    {"id": 1, "name": "Araku", "district": "Visakhapatnam"},
    {"id": 2, "name": "Srikakulam", "district": "Srikakulam"},
    {"id": 3, "name": "Vizianagaram", "district": "Vizianagaram"},
    {"id": 4, "name": "Visakhapatnam", "district": "Visakhapatnam"},
    {"id": 5, "name": "Anakapalli", "district": "Visakhapatnam"},
    {"id": 6, "name": "Kakinada", "district": "East Godavari"},
    {"id": 7, "name": "Amalapuram", "district": "East Godavari"},
    {"id": 8, "name": "Rajahmundry", "district": "East Godavari"},
    {"id": 9, "name": "Narasapuram", "district": "West Godavari"},
    {"id": 10, "name": "Eluru", "district": "West Godavari"},
    {"id": 11, "name": "Machilipatnam", "district": "Krishna"},
    {"id": 12, "name": "Vijayawada", "district": "Krishna"},
    {"id": 13, "name": "Guntur", "district": "Guntur"},
    {"id": 14, "name": "Narasaraopet", "district": "Guntur"},
    {"id": 15, "name": "Bapatla", "district": "Guntur"},
    {"id": 16, "name": "Ongole", "district": "Prakasam"},
    {"id": 17, "name": "Nandyal", "district": "Kurnool"},
    {"id": 18, "name": "Kurnool", "district": "Kurnool"},
    {"id": 19, "name": "Anantapur", "district": "Anantapur"},
    {"id": 20, "name": "Hindupur", "district": "Anantapur"},
    {"id": 21, "name": "Kadapa", "district": "Kadapa"},
    {"id": 22, "name": "Nellore", "district": "Nellore"},
    {"id": 23, "name": "Tirupati", "district": "Chittoor"},
    {"id": 24, "name": "Rajampet", "district": "Kadapa"},
    {"id": 25, "name": "Chittoor", "district": "Chittoor"}
  ]
}
